{
    "type": "service_account",
    "project_id": "project_id_Anda",
    "private_key_id": "private_key_id_Anda",
    "private_key": "private_key_Anda",
    "client_email": "upload-image@ancient-sunspot-328301.iam.gserviceaccount.com",
    "client_id": "client_id_Anda",
    "auth_uri": "https://accounts.google.com/o/oauth2/auth",
    "token_uri": "https://oauth2.googleapis.com/token",
    "auth_provider_x509_cert_url": "https://www.googleapis.com/oauth2/v1/certs",
    "client_x509_cert_url": "client_cert_url_Anda"
}